<?xml version="1.0" encoding="utf-8"?>
<doc xmlns:xsd="http://www.w3.org/2001/XMLSchema" xmlns:xsi="http://www.w3.org/2001/XMLSchema-instance">
  <assembly>
    <name>DevExpress.TreeMap.v21.1.Core</name>
  </assembly>
  <members>
    <member name="N:DevExpress.TreeMap">
      <summary>
        <para>Contains all common classes that WinForms TreeMap Control, WPF TreeMap Control, and WinForms Sunburst Control require to function.</para>
      </summary>
    </member>
    <member name="T:DevExpress.TreeMap.IHierarchicalItem">
      <summary>
        <para>The base interface for the treemap and sunburst items.</para>
      </summary>
    </member>
    <member name="P:DevExpress.TreeMap.IHierarchicalItem.Children">
      <summary>
        <para>Returns an item’s child items.</para>
      </summary>
      <value>A collection of items that implement the IHierarchicalItem interface.</value>
    </member>
    <member name="P:DevExpress.TreeMap.IHierarchicalItem.DataSourceColor">
      <summary>
        <para>For internal use.</para>
      </summary>
      <value></value>
    </member>
    <member name="P:DevExpress.TreeMap.IHierarchicalItem.Label">
      <summary>
        <para>Returns a label for the item.</para>
      </summary>
      <value>An object that represents the item label.</value>
    </member>
    <member name="P:DevExpress.TreeMap.IHierarchicalItem.Tag">
      <summary>
        <para>Returns the object that contains data related to the item.</para>
      </summary>
      <value>A <see cref="T:System.Object"/> that contains data about the chart element.</value>
    </member>
    <member name="P:DevExpress.TreeMap.IHierarchicalItem.Value">
      <summary>
        <para>Returns the item value.</para>
      </summary>
      <value>A floating-point number that defines the item value.</value>
    </member>
    <member name="T:DevExpress.TreeMap.ILegendItem">
      <summary />
    </member>
    <member name="P:DevExpress.TreeMap.ILegendItem.Text">
      <summary />
      <value></value>
    </member>
    <member name="T:DevExpress.TreeMap.ILegendItemsProvider">
      <summary />
    </member>
    <member name="M:DevExpress.TreeMap.ILegendItemsProvider.CreateLegendItems(System.Collections.Generic.IEnumerable{DevExpress.TreeMap.ILegendSourceItem})">
      <summary />
      <param name="sourceItems"></param>
      <returns></returns>
    </member>
    <member name="T:DevExpress.TreeMap.ILegendSourceItem">
      <summary />
    </member>
    <member name="P:DevExpress.TreeMap.ILegendSourceItem.Brush">
      <summary />
      <value></value>
    </member>
    <member name="P:DevExpress.TreeMap.ILegendSourceItem.SourceObject">
      <summary />
      <value></value>
    </member>
    <member name="P:DevExpress.TreeMap.ILegendSourceItem.Text">
      <summary />
      <value></value>
    </member>
    <member name="T:DevExpress.TreeMap.ISunburstItem">
      <summary>
        <para>The base interface for sunburst items.</para>
      </summary>
    </member>
    <member name="T:DevExpress.TreeMap.ITreeMapItem">
      <summary>
        <para>The interface that should be implemented by a class which can be used as a tree map item.</para>
      </summary>
    </member>
    <member name="T:DevExpress.TreeMap.ITreeMapItemLayout">
      <summary />
    </member>
    <member name="P:DevExpress.TreeMap.ITreeMapItemLayout.Layout">
      <summary />
      <value></value>
    </member>
    <member name="P:DevExpress.TreeMap.ITreeMapItemLayout.Weight">
      <summary />
      <value></value>
    </member>
    <member name="T:DevExpress.TreeMap.TreeMapRect">
      <summary />
    </member>
    <member name="M:DevExpress.TreeMap.TreeMapRect.#ctor(System.Double,System.Double,System.Double,System.Double)">
      <summary>
        <para>Initializes a new instance of the <see cref="T:DevExpress.TreeMap.TreeMapRect"/> class with specified settings.</para>
      </summary>
      <param name="x"></param>
      <param name="y"></param>
      <param name="width"></param>
      <param name="height"></param>
    </member>
    <member name="P:DevExpress.TreeMap.TreeMapRect.Empty">
      <summary />
      <value></value>
    </member>
    <member name="P:DevExpress.TreeMap.TreeMapRect.Height">
      <summary />
      <value></value>
    </member>
    <member name="P:DevExpress.TreeMap.TreeMapRect.IsEmpty">
      <summary />
      <value></value>
    </member>
    <member name="P:DevExpress.TreeMap.TreeMapRect.Width">
      <summary />
      <value></value>
    </member>
    <member name="P:DevExpress.TreeMap.TreeMapRect.X">
      <summary />
      <value></value>
    </member>
    <member name="P:DevExpress.TreeMap.TreeMapRect.Y">
      <summary />
      <value></value>
    </member>
  </members>
</doc>